session_id,alter_id,choice,group,group2
1702200,7,1,1,hola
1704127,37,1,1,hola
17012029,16,1,1,hola
17020644,42,1,1,hola
17020739,57,1,1,hola
17020753,20,1,1,hola
17021959,51,1,1,hola
17022489,13,1,1,hola
17030654,46,1,1,hola
17031782,18,1,1,hola
17032182,32,1,1,hola
17032388,34,1,1,hola
17032484,32,1,1,hola
17032924,8,1,1,hola
17041388,4,1,1,hola
17041977,31,1,1,hola
17042114,9,1,1,hola
17042366,7,1,1,hola
17042522,34,1,1,hola
17042617,46,1,1,hola
17042742,45,1,1,hola
17043031,32,1,1,hola
17052240,57,1,1,hola
17052615,3,1,1,hola
17052697,52,1,1,hola
17060184,25,1,1,hola
17061164,22,1,1,hola
17061410,41,1,1,hola
17061923,59,1,1,hola
17063057,18,1,1,hola
170118998,55,1,1,hola
170119109,55,1,1,hola
170119293,8,1,1,hola
170119456,44,1,1,hola
170119839,35,1,1,hola
170122799,44,1,1,hola
170123135,31,1,1,hola
170123528,47,1,1,hola
170123731,39,1,1,hola
170123874,14,1,1,hola
170125361,11,1,1,hola
170125607,37,1,1,hola
170126281,28,1,1,hola
170126834,1,1,1,hola
170127506,57,1,1,hola
170131407,24,1,1,hola
170131436,39,1,1,hola
170201762,32,1,1,hola
170206406,24,1,1,hola
170207862,59,1,1,hola
170208766,44,1,1,hola
170208994,35,1,1,hola
170209148,19,1,1,hola
170210308,47,1,1,hola
170213627,34,1,1,hola
170213945,34,1,1,hola
170215536,20,1,1,hola
170215986,9,1,1,hola
170216401,51,1,1,hola
170219856,8,1,1,hola
170220649,36,1,1,hola
170221186,36,1,1,hola
170221531,39,1,1,hola
170221824,2,1,1,hola
170222834,9,1,1,hola
170224137,6,1,1,hola
170224315,50,1,1,hola
170224429,47,1,1,hola
170227485,12,1,1,hola
170228176,51,1,1,hola
170228275,26,1,1,hola
170301508,32,1,1,hola
170301583,19,1,1,hola
170301735,40,1,1,hola
170302838,30,1,1,hola
170304745,52,1,1,hola
170313224,13,1,1,hola
170314574,14,1,1,hola
170314895,17,1,1,hola
170315368,51,1,1,hola
170315930,34,1,1,hola
170316461,46,1,1,hola
170316830,36,1,1,hola
170317293,16,1,1,hola
170317369,37,1,1,hola
170317485,48,1,1,hola
170317636,19,1,1,hola
170319749,3,1,1,hola
170320161,23,1,1,hola
170320252,37,1,1,hola
170320578,27,1,1,hola
170321149,2,1,1,hola
170322783,17,1,1,hola
170322811,32,1,1,hola
170322873,41,1,1,hola
170323153,5,1,1,hola
170323604,11,1,1,hola
170323661,41,1,1,hola
170323816,21,1,1,hola
170324106,20,1,1,hola
170324794,2,1,1,hola
170326185,40,1,1,hola
170326242,43,1,1,hola
170326808,22,1,1,hola
170326924,32,1,1,hola
170327777,18,1,1,hola
170328105,56,1,1,hola
170328420,27,1,1,hola
170328598,26,1,1,hola
170328813,32,1,1,hola
170328829,39,1,1,hola
170328934,17,1,1,hola
170329336,53,1,1,hola
170329712,24,1,1,hola
170329823,23,1,1,hola
170329921,53,1,1,hola
170330987,34,1,1,hola
170331364,4,1,1,hola
170403159,16,1,1,hola
170403982,36,1,1,hola
170404166,40,1,1,hola
170404304,58,1,1,hola
170405831,53,1,1,hola
170406165,40,1,1,hola
170407228,4,1,1,hola
170407731,45,1,1,hola
170408908,2,1,1,hola
170409747,44,1,1,hola
170410335,23,1,1,hola
170410532,2,1,1,hola
170410569,44,1,1,hola
170410689,19,1,1,hola
170410694,21,1,1,hola
170410731,30,1,1,hola
170410823,55,1,1,hola
170410865,3,1,1,hola
170411114,31,1,1,hola
170411411,27,1,1,hola
170411446,21,1,1,hola
170411756,51,1,1,hola
170412153,28,1,1,hola
170412339,56,1,1,hola
170413108,17,1,1,hola
170413314,13,1,1,hola
170413397,48,1,1,hola
170413512,12,1,1,hola
170414869,31,1,1,hola
170417155,22,1,1,hola
170417161,34,1,1,hola
170417268,11,1,1,hola
170417406,42,1,1,hola
170417478,45,1,1,hola
170417856,25,1,1,hola
170418941,22,1,1,hola
170419620,2,1,1,hola
170420243,39,1,1,hola
170420449,9,1,1,hola
170421154,45,1,1,hola
170421598,43,1,1,hola
170421957,34,1,1,hola
170423771,9,1,1,hola
170424164,16,1,1,hola
170424285,33,1,1,hola
170424649,21,1,1,hola
170424654,8,1,1,hola
170424835,55,1,1,hola
170425123,7,1,1,hola
170425531,9,1,1,hola
170425591,46,1,1,hola
170425623,35,1,1,hola
170426157,41,1,1,hola
170427281,31,1,1,hola
170428292,3,1,1,hola
170428871,27,1,1,hola
170429303,4,1,1,hola
170429401,20,1,1,hola
170430441,56,1,1,hola
170502336,0,1,1,hola
170502517,24,1,1,hola
170502608,16,1,1,hola
170502712,36,1,1,hola
170502941,25,1,1,hola
170503315,43,1,1,hola
170504355,59,1,1,hola
170504395,51,1,1,hola
170504459,15,1,1,hola
170505112,14,1,1,hola
170505134,36,1,1,hola
170505539,12,1,1,hola
170506216,38,1,1,hola
170508500,24,1,1,hola
170509173,37,1,1,hola
170509582,48,1,1,hola
170509803,35,1,1,hola
170511106,22,1,1,hola
170511664,40,1,1,hola
170512553,56,1,1,hola
170512667,32,1,1,hola
170514619,55,1,1,hola
170514813,54,1,1,hola
170515138,41,1,1,hola
170515728,59,1,1,hola
170515781,40,1,1,hola
170515813,25,1,1,hola
170515866,38,1,1,hola
170516162,17,1,1,hola
170516394,57,1,1,hola
170516581,18,1,1,hola
170516818,17,1,1,hola
170516940,25,1,1,hola
170516948,32,1,1,hola
170517195,9,1,1,hola
170517272,16,1,1,hola
170517350,21,1,1,hola
170517968,39,1,1,hola
170519569,19,1,1,hola
170519587,36,1,1,hola
170519697,31,1,1,hola
170519876,12,1,1,hola
170520397,27,1,1,hola
170522107,52,1,1,hola
170522381,41,1,1,hola
170522578,30,1,1,hola
170522907,19,1,1,hola
170523677,38,1,1,hola
170525630,9,1,1,hola
170525663,28,1,1,hola
170526339,4,1,1,hola
170528486,48,1,1,hola
170529159,46,1,1,hola
170529436,44,1,1,hola
170529641,45,1,1,hola
170529717,55,1,1,hola
170529941,28,1,1,hola
170529981,5,1,1,hola
170530224,5,1,1,hola
170530926,48,1,1,hola
170531150,44,1,1,hola
170531322,15,1,1,hola
170531542,54,1,1,hola
170531585,32,1,1,hola
170602218,8,1,1,hola
170602398,42,1,1,hola
170602407,2,1,1,hola
170604990,2,1,1,hola
170606353,14,1,1,hola
170606446,25,1,1,hola
170606566,8,1,1,hola
170607643,16,1,1,hola
170608105,56,1,1,hola
170608719,18,1,1,hola
170609101,47,1,1,hola
170609347,13,1,1,hola
170609878,5,1,1,hola
170610348,44,1,1,hola
170611313,14,1,1,hola
170612317,4,1,1,hola
170612594,36,1,1,hola
170612717,7,1,1,hola
170613386,30,1,1,hola
170613774,23,1,1,hola
170613835,22,1,1,hola
170614354,15,1,1,hola
170614795,40,1,1,hola
170616995,52,1,1,hola
170618583,18,1,1,hola
170619203,14,1,1,hola
170619580,24,1,1,hola
170620225,7,1,1,hola
170620629,39,1,1,hola
170621299,11,1,1,hola
170621832,11,1,1,hola
170623650,9,1,1,hola
170624389,17,1,1,hola
170627124,50,1,1,hola
170627241,12,1,1,hola
170627297,58,1,1,hola
170628400,55,1,1,hola
170628479,9,1,1,hola
170629112,15,1,1,hola
170629391,39,1,1,hola
170629622,19,1,1,hola
170630874,40,1,1,hola
1701143552,59,1,1,hola
1701154938,23,1,1,hola
1701161846,30,1,1,hola
1701162258,54,1,1,hola
1701162768,18,1,1,hola
1701163125,0,1,1,hola
1701163624,56,1,1,hola
1701164839,21,1,1,hola
1701165043,16,1,1,hola
1701168447,17,1,1,hola
1701171634,45,1,1,hola
1701173421,29,1,1,hola
1701173883,45,1,1,hola
1701175835,35,1,1,hola
1701176623,58,1,1,hola
1701177633,8,1,1,hola
1701181745,27,1,1,hola
1701181949,4,1,1,hola
1701183781,34,1,1,hola
1701183878,40,1,1,hola
1701184343,12,1,1,hola
1701185120,58,1,1,hola
1701192616,26,1,1,hola
1701194067,49,1,1,hola
1701194432,57,1,1,hola
1701196066,33,1,1,hola
1701201687,34,1,1,hola
1701203202,17,1,1,hola
1701205571,10,1,1,hola
1701206299,40,1,1,hola
1701211769,38,1,1,hola
1701231039,12,1,1,hola
1701231304,23,1,1,hola
1701231378,20,1,1,hola
1701231473,49,1,1,hola
1701232042,2,1,1,hola
1701232355,2,1,1,hola
1701232518,11,1,1,hola
1701232618,39,1,1,hola
1701232842,2,1,1,hola
1701232889,6,1,1,hola
1701232911,25,1,1,hola
1701232932,5,1,1,hola
1701234095,45,1,1,hola
1701234121,21,1,1,hola
1701234335,8,1,1,hola
1701235210,7,1,1,hola
1701235704,22,1,1,hola
1701235795,35,1,1,hola
1701235859,58,1,1,hola
1701235861,16,1,1,hola
1701236222,19,1,1,hola
1701236285,41,1,1,hola
1701236322,46,1,1,hola
1701237210,38,1,1,hola
1701241757,45,1,1,hola
1701241839,17,1,1,hola
1701241883,46,1,1,hola
1701243041,16,1,1,hola
1701243050,43,1,1,hola
1701243426,12,1,1,hola
1701243851,20,1,1,hola
1701244198,27,1,1,hola
1701244372,1,1,1,hola
1701244375,37,1,1,hola
1701244511,57,1,1,hola
1701244669,5,1,1,hola
1701245119,7,1,1,hola
1701245216,29,1,1,hola
1701245605,32,1,1,hola
1701246271,3,1,1,hola
1701247025,56,1,1,hola
1701247539,57,1,1,hola
1701252101,30,1,1,hola
1701252218,7,1,1,hola
1701252472,33,1,1,hola
1701252631,26,1,1,hola
1701252935,49,1,1,hola
1701261274,42,1,1,hola
1701261749,25,1,1,hola
1701261935,55,1,1,hola
1701262445,20,1,1,hola
1701262561,31,1,1,hola
1701262812,15,1,1,hola
1701262825,30,1,1,hola
1701263298,45,1,1,hola
1701263638,43,1,1,hola
1701263803,28,1,1,hola
1701264333,27,1,1,hola
1701265258,52,1,1,hola
1701265819,38,1,1,hola
1701271192,13,1,1,hola
1701273596,3,1,1,hola
1701274495,6,1,1,hola
1701276232,40,1,1,hola
1701283459,54,1,1,hola
1701311345,24,1,1,hola
1701313191,11,1,1,hola
1702011501,3,1,1,hola
1702013869,18,1,1,hola
1702014512,47,1,1,hola
1702017586,49,1,1,hola
1702018334,18,1,1,hola
1702025232,17,1,1,hola
1702026219,15,1,1,hola
1702032198,3,1,1,hola
1702033171,22,1,1,hola
1702033689,18,1,1,hola
1702034737,25,1,1,hola
1702035035,32,1,1,hola
1702035455,9,1,1,hola
1702035711,19,1,1,hola
1702061058,54,1,1,hola
1702061870,13,1,1,hola
1702062073,48,1,1,hola
1702063418,24,1,1,hola
1702063624,0,1,1,hola
1702064840,54,1,1,hola
1702066573,20,1,1,hola
1702066881,48,1,1,hola
1702068399,26,1,1,hola
1702071000,35,1,1,hola
1702071662,29,1,1,hola
1702071724,26,1,1,hola
1702072563,15,1,1,hola
1702072707,39,1,1,hola
1702072746,0,1,1,hola
1702072807,1,1,1,hola
1702073374,11,1,1,hola
1702073383,35,1,1,hola
1702073984,52,1,1,hola
1702074626,26,1,1,hola
1702074779,23,1,1,hola
1702074880,58,1,1,hola
1702074933,15,1,1,hola
1702074969,41,1,1,hola
1702075547,20,1,1,hola
1702076149,22,1,1,hola
1702076429,14,1,1,hola
1702076543,28,1,1,hola
1702076936,23,1,1,hola
1702077298,50,1,1,hola
1702077872,47,1,1,hola
1702081718,2,1,1,hola
1702082250,15,1,1,hola
1702082355,19,1,1,hola
1702082420,6,1,1,hola
1702082672,29,1,1,hola
1702082724,11,1,1,hola
1702084402,33,1,1,hola
1702085455,48,1,1,hola
1702085798,46,1,1,hola
1702086631,6,1,1,hola
1702086670,41,1,1,hola
1702086687,16,1,1,hola
1702087016,44,1,1,hola
1702087095,9,1,1,hola
1702087286,20,1,1,hola
1702091520,3,1,1,hola
1702092180,51,1,1,hola
1702093104,48,1,1,hola
1702093410,4,1,1,hola
1702095341,49,1,1,hola
1702096111,31,1,1,hola
1702101795,57,1,1,hola
1702102124,1,1,1,hola
1702103298,41,1,1,hola
1702105164,59,1,1,hola
1702132384,9,1,1,hola
1702137434,4,1,1,hola
1702137551,20,1,1,hola
1702141446,59,1,1,hola
1702143451,24,1,1,hola
1702144458,52,1,1,hola
1702145551,41,1,1,hola
1702146293,28,1,1,hola
1702146705,55,1,1,hola
1702151611,19,1,1,hola
1702151928,30,1,1,hola
1702152091,44,1,1,hola
1702152187,30,1,1,hola
1702152381,19,1,1,hola
1702152437,19,1,1,hola
1702153232,56,1,1,hola
1702153795,17,1,1,hola
1702154447,14,1,1,hola
1702154876,43,1,1,hola
1702155037,17,1,1,hola
1702155712,49,1,1,hola
1702156961,35,1,1,hola
1702161039,54,1,1,hola
1702161084,6,1,1,hola
1702161118,52,1,1,hola
1702162301,47,1,1,hola
1702162352,37,1,1,hola
1702162634,13,1,1,hola
1702162638,58,1,1,hola
1702163567,31,1,1,hola
1702163640,15,1,1,hola
1702165248,1,1,1,hola
1702166343,23,1,1,hola
1702171564,27,1,1,hola
1702173469,34,1,1,hola
1702173575,56,1,1,hola
1702173793,54,1,1,hola
1702175312,32,1,1,hola
1702175597,34,1,1,hola
1702184497,7,1,1,hola
1702201608,53,1,1,hola
1702203065,59,1,1,hola
1702203158,52,1,1,hola
1702203621,0,1,1,hola
1702204329,1,1,1,hola
1702206515,50,1,1,hola
1702206811,23,1,1,hola
1702208827,22,1,1,hola
1702211789,13,1,1,hola
1702211937,17,1,1,hola
1702212562,9,1,1,hola
1702212923,42,1,1,hola
1702214307,52,1,1,hola
1702215705,16,1,1,hola
1702216767,36,1,1,hola
1702217729,22,1,1,hola
1702221784,28,1,1,hola
1702221790,10,1,1,hola
1702222477,20,1,1,hola
1702224979,39,1,1,hola
1702225349,19,1,1,hola
1702225929,47,1,1,hola
1702225993,1,1,1,hola
1702228265,42,1,1,hola
1702231416,12,1,1,hola
1702231448,30,1,1,hola
1702231522,42,1,1,hola
1702231643,5,1,1,hola
1702231759,26,1,1,hola
1702231884,33,1,1,hola
1702232295,50,1,1,hola
1702233237,43,1,1,hola
1702233310,36,1,1,hola
1702233801,2,1,1,hola
1702234801,25,1,1,hola
1702235224,13,1,1,hola
1702236961,4,1,1,hola
1702237423,29,1,1,hola
1702241953,6,1,1,hola
1702242305,41,1,1,hola
1702243843,43,1,1,hola
1702244315,55,1,1,hola
1702244427,36,1,1,hola
1702245245,8,1,1,hola
1702245972,59,1,1,hola
1702246264,49,1,1,hola
1702246365,7,1,1,hola
1702246878,54,1,1,hola
1702252191,13,1,1,hola
1702252275,44,1,1,hola
1702253156,53,1,1,hola
1702262167,13,1,1,hola
1702263097,5,1,1,hola
1702271003,56,1,1,hola
1702272056,52,1,1,hola
1702272374,3,1,1,hola
1702272615,57,1,1,hola
1702272768,41,1,1,hola
1702273364,57,1,1,hola
1702273655,37,1,1,hola
1702275629,11,1,1,hola
1702275956,8,1,1,hola
1702276157,15,1,1,hola
1702276187,34,1,1,hola
1702276645,35,1,1,hola
1702281552,31,1,1,hola
1702281652,36,1,1,hola
1702282273,49,1,1,hola
1702282967,33,1,1,hola
1702283142,13,1,1,hola
1702283685,12,1,1,hola
1702283930,32,1,1,hola
1702284356,10,1,1,hola
1702284552,57,1,1,hola
1702286084,48,1,1,hola
1702286154,29,1,1,hola
1702286270,55,1,1,hola
1702287452,51,1,1,hola
1703011224,57,1,1,hola
1703011789,29,1,1,hola
1703012134,45,1,1,hola
1703012315,8,1,1,hola
1703012931,37,1,1,hola
1703013154,50,1,1,hola
1703013560,42,1,1,hola
1703013623,52,1,1,hola
1703014222,15,1,1,hola
1703014795,42,1,1,hola
1703016626,5,1,1,hola
1703021953,4,1,1,hola
1703022246,15,1,1,hola
1703023474,4,1,1,hola
1703024372,56,1,1,hola
1703024636,59,1,1,hola
1703024924,46,1,1,hola
1703025394,49,1,1,hola
1703026314,20,1,1,hola
1703026711,37,1,1,hola
1703031633,5,1,1,hola
1703031763,18,1,1,hola
1703031774,15,1,1,hola
1703032018,34,1,1,hola
1703032383,21,1,1,hola
1703034136,33,1,1,hola
1703034659,17,1,1,hola
1703034760,6,1,1,hola
1703035504,59,1,1,hola
1703041148,43,1,1,hola
1703041760,2,1,1,hola
1703042232,54,1,1,hola
1703042262,56,1,1,hola
1703043680,21,1,1,hola
1703053605,16,1,1,hola
1703061588,29,1,1,hola
1703061760,54,1,1,hola
1703063731,6,1,1,hola
1703065377,43,1,1,hola
1703065632,49,1,1,hola
1703066463,3,1,1,hola
1703071516,4,1,1,hola
1703071790,4,1,1,hola
1703072699,7,1,1,hola
1703073509,42,1,1,hola
1703073904,41,1,1,hola
1703074458,45,1,1,hola
1703074579,15,1,1,hola
1703075201,6,1,1,hola
1703075726,36,1,1,hola
1703075909,22,1,1,hola
1703076774,48,1,1,hola
1703079248,23,1,1,hola
1703081776,11,1,1,hola
1703083792,44,1,1,hola
1703085054,40,1,1,hola
1703085139,7,1,1,hola
1703085953,23,1,1,hola
1703087255,43,1,1,hola
1703091908,39,1,1,hola
1703092571,8,1,1,hola
1703092827,24,1,1,hola
1703092976,34,1,1,hola
1703094692,24,1,1,hola
1703095040,16,1,1,hola
1703095047,9,1,1,hola
1703095339,46,1,1,hola
1703096242,7,1,1,hola
1703096632,11,1,1,hola
1703097479,30,1,1,hola
1703101264,51,1,1,hola
1703101338,39,1,1,hola
1703102904,32,1,1,hola
1703103783,44,1,1,hola
1703103931,37,1,1,hola
1703104688,12,1,1,hola
1703121429,20,1,1,hola
1703123661,19,1,1,hola
1703132457,6,1,1,hola
1703132713,26,1,1,hola
1703132832,48,1,1,hola
1703133234,20,1,1,hola
1703133923,58,1,1,hola
1703134020,31,1,1,hola
1703134146,21,1,1,hola
1703135696,2,1,1,hola
1703137281,13,1,1,hola
1703141188,59,1,1,hola
1703141626,13,1,1,hola
1703141636,54,1,1,hola
1703142049,59,1,1,hola
1703142107,24,1,1,hola
1703142510,56,1,1,hola
1703142950,58,1,1,hola
1703143355,7,1,1,hola
1703143417,37,1,1,hola
1703143880,56,1,1,hola
1703145797,20,1,1,hola
1703145826,54,1,1,hola
1703146725,39,1,1,hola
1703146985,34,1,1,hola
1703147091,21,1,1,hola
1703147972,43,1,1,hola
1703148557,57,1,1,hola
1703152120,44,1,1,hola
1703152322,14,1,1,hola
1703152710,34,1,1,hola
1703152749,26,1,1,hola
1703153067,56,1,1,hola
1703153084,14,1,1,hola
1703153276,38,1,1,hola
1703153807,0,1,1,hola
1703153829,42,1,1,hola
1703153848,28,1,1,hola
1703153908,18,1,1,hola
1703154644,18,1,1,hola
1703154902,22,1,1,hola
1703155474,57,1,1,hola
1703155899,39,1,1,hola
1703156068,4,1,1,hola
1703156484,22,1,1,hola
1703157048,33,1,1,hola
1703161407,46,1,1,hola
1703161446,24,1,1,hola
1703161876,45,1,1,hola
1703161990,12,1,1,hola
1703162707,22,1,1,hola
1703162898,0,1,1,hola
1703162943,32,1,1,hola
1703163109,8,1,1,hola
1703163239,13,1,1,hola
1703163510,42,1,1,hola
1703163752,10,1,1,hola
1703163891,46,1,1,hola
1703164559,23,1,1,hola
1703165196,23,1,1,hola
1703165237,10,1,1,hola
1703165335,42,1,1,hola
1703167601,37,1,1,hola
1703171389,2,1,1,hola
1703171481,9,1,1,hola
1703171679,39,1,1,hola
1703172122,1,1,1,hola
1703172578,3,1,1,hola
1703173298,12,1,1,hola
1703173369,13,1,1,hola
1703173549,49,1,1,hola
1703174125,15,1,1,hola
1703174496,15,1,1,hola
1703174587,27,1,1,hola
1703174822,27,1,1,hola
1703174888,40,1,1,hola
1703175637,56,1,1,hola
1703175645,48,1,1,hola
1703175788,21,1,1,hola
1703183338,21,1,1,hola
1703191627,45,1,1,hola
1703192018,28,1,1,hola
1703201118,42,1,1,hola
1703201689,31,1,1,hola
1703202181,35,1,1,hola
1703203004,13,1,1,hola
1703203339,17,1,1,hola
1703203423,38,1,1,hola
1703203565,19,1,1,hola
1703203934,31,1,1,hola
1703204386,58,1,1,hola
1703204587,3,1,1,hola
1703204601,1,1,1,hola
1703204766,56,1,1,hola
1703205796,12,1,1,hola
1703205819,55,1,1,hola
1703206061,56,1,1,hola
1703206808,14,1,1,hola
1703211386,7,1,1,hola
1703211902,24,1,1,hola
1703212407,39,1,1,hola
1703212448,43,1,1,hola
1703212541,16,1,1,hola
1703212607,45,1,1,hola
1703213593,36,1,1,hola
1703213813,8,1,1,hola
1703213874,8,1,1,hola
1703214553,30,1,1,hola
1703214679,1,1,1,hola
1703214993,29,1,1,hola
1703215033,4,1,1,hola
1703215419,41,1,1,hola
1703215541,17,1,1,hola
1703215571,32,1,1,hola
1703215768,31,1,1,hola
1703216642,4,1,1,hola
1703217214,21,1,1,hola
1703221284,25,1,1,hola
1703221325,37,1,1,hola
1703221413,45,1,1,hola
1703221489,2,1,1,hola
1703221571,5,1,1,hola
1703221705,8,1,1,hola
1703221915,11,1,1,hola
1703222006,32,1,1,hola
1703222125,32,1,1,hola
1703222263,16,1,1,hola
1703222281,36,1,1,hola
1703222584,17,1,1,hola
1703222770,11,1,1,hola
1703223041,6,1,1,hola
1703223087,45,1,1,hola
1703223227,44,1,1,hola
1703223274,39,1,1,hola
1703223740,2,1,1,hola
1703223925,50,1,1,hola
1703223962,43,1,1,hola
1703224567,29,1,1,hola
1703224572,31,1,1,hola
1703225214,27,1,1,hola
1703225947,59,1,1,hola
1703226588,20,1,1,hola
1703226695,18,1,1,hola
1703227361,55,1,1,hola
1703231037,26,1,1,hola
1703231967,19,1,1,hola
1703232117,15,1,1,hola
1703233863,9,1,1,hola
1703234234,3,1,1,hola
1703234399,28,1,1,hola
1703234444,46,1,1,hola
1703234921,44,1,1,hola
1703235156,1,1,1,hola
1703235662,48,1,1,hola
1703236752,16,1,1,hola
1703241443,21,1,1,hola
1703241591,6,1,1,hola
1703241914,22,1,1,hola
1703242556,24,1,1,hola
1703243116,49,1,1,hola
1703243583,43,1,1,hola
1703243611,48,1,1,hola
1703244199,31,1,1,hola
1703244784,20,1,1,hola
1703244844,11,1,1,hola
1703244956,3,1,1,hola
1703245213,53,1,1,hola
1703246361,49,1,1,hola
1703247409,28,1,1,hola
1703251317,30,1,1,hola
1703252834,15,1,1,hola
1703253823,49,1,1,hola
1703261319,58,1,1,hola
1703261796,7,1,1,hola
1703262775,23,1,1,hola
1703271197,56,1,1,hola
1703271409,20,1,1,hola
1703271634,59,1,1,hola
1703272051,14,1,1,hola
1703272149,38,1,1,hola
1703272549,48,1,1,hola
1703272973,8,1,1,hola
1703273042,31,1,1,hola
1703273056,37,1,1,hola
1703273187,19,1,1,hola
1703273389,42,1,1,hola
1703273621,57,1,1,hola
1703273906,45,1,1,hola
1703274057,12,1,1,hola
1703274226,45,1,1,hola
1703274483,13,1,1,hola
1703274570,56,1,1,hola
1703274884,12,1,1,hola
1703275477,31,1,1,hola
1703275587,58,1,1,hola
1703276064,1,1,1,hola
1703276258,57,1,1,hola
1703276470,45,1,1,hola
1703276505,35,1,1,hola
1703276541,14,1,1,hola
1703276788,36,1,1,hola
1703276886,0,1,1,hola
1703277149,14,1,1,hola
1703278449,52,1,1,hola
1703281315,57,1,1,hola
1703281622,42,1,1,hola
1703281655,27,1,1,hola
1703281767,1,1,1,hola
1703281810,36,1,1,hola
1703281968,46,1,1,hola
1703281994,20,1,1,hola
1703282181,30,1,1,hola
1703282240,7,1,1,hola
1703282260,42,1,1,hola
1703282287,49,1,1,hola
1703282339,1,1,1,hola
1703282403,31,1,1,hola
1703283264,26,1,1,hola
1703283548,41,1,1,hola
1703284331,4,1,1,hola
1703284892,59,1,1,hola
1703284921,4,1,1,hola
1703285249,14,1,1,hola
1703285379,42,1,1,hola
1703286318,53,1,1,hola
1703287204,45,1,1,hola
1703291397,22,1,1,hola
1703291489,20,1,1,hola
1703291943,39,1,1,hola
1703292056,13,1,1,hola
1703292239,5,1,1,hola
1703292293,56,1,1,hola
1703292821,8,1,1,hola
1703292893,24,1,1,hola
1703293115,4,1,1,hola
1703293168,22,1,1,hola
1703293192,21,1,1,hola
1703293335,0,1,1,hola
1703293356,1,1,1,hola
1703293757,33,1,1,hola
1703293850,38,1,1,hola
1703294558,41,1,1,hola
1703294696,24,1,1,hola
1703295319,39,1,1,hola
1703295783,4,1,1,hola
1703296179,46,1,1,hola
1703296301,27,1,1,hola
1703301487,24,1,1,hola
1703301842,23,1,1,hola
1703302226,23,1,1,hola
1703302364,9,1,1,hola
1703302541,51,1,1,hola
1703303041,11,1,1,hola
1703304040,53,1,1,hola
1703304166,4,1,1,hola
1703304289,40,1,1,hola
1703304307,24,1,1,hola
1703305221,58,1,1,hola
1703305350,41,1,1,hola
1703306064,44,1,1,hola
1703311762,46,1,1,hola
1703311794,32,1,1,hola
1703312207,30,1,1,hola
1703312437,40,1,1,hola
1703312638,47,1,1,hola
1703313035,28,1,1,hola
1703313228,28,1,1,hola
1703313426,38,1,1,hola
1703313496,36,1,1,hola
1703313511,33,1,1,hola
1703314088,27,1,1,hola
1703314135,18,1,1,hola
1704031108,36,1,1,hola
1704031915,19,1,1,hola
1704032223,27,1,1,hola
1704032396,24,1,1,hola
1704032445,48,1,1,hola
1704033318,10,1,1,hola
1704033447,50,1,1,hola
1704033826,26,1,1,hola
1704034325,38,1,1,hola
1704035764,8,1,1,hola
1704035797,5,1,1,hola
1704041088,40,1,1,hola
1704041187,41,1,1,hola
1704041498,30,1,1,hola
1704041997,40,1,1,hola
1704042515,27,1,1,hola
1704042713,5,1,1,hola
1704042956,39,1,1,hola
1704042969,53,1,1,hola
1704043124,50,1,1,hola
1704043208,5,1,1,hola
1704043255,17,1,1,hola
1704043318,39,1,1,hola
1704044098,50,1,1,hola
1704044155,28,1,1,hola
1704044349,12,1,1,hola
1704044522,5,1,1,hola
1704044795,23,1,1,hola
1704045249,19,1,1,hola
1704045543,14,1,1,hola
1704046749,55,1,1,hola
1704047760,36,1,1,hola
1704051429,28,1,1,hola
1704051486,1,1,1,hola
1704052161,47,1,1,hola
1704052548,48,1,1,hola
1704053104,23,1,1,hola
1704053153,6,1,1,hola
1704053942,26,1,1,hola
1704055018,37,1,1,hola
1704055105,16,1,1,hola
1704055983,4,1,1,hola
1704062039,35,1,1,hola
1704063245,42,1,1,hola
1704063369,26,1,1,hola
1704063478,42,1,1,hola
1704063921,5,1,1,hola
1704063929,42,1,1,hola
1704064053,11,1,1,hola
1704064431,27,1,1,hola
1704065075,37,1,1,hola
1704065844,20,1,1,hola
1704065905,23,1,1,hola
1704066208,24,1,1,hola
1704066452,18,1,1,hola
1704071061,51,1,1,hola
1704071247,29,1,1,hola
1704071965,53,1,1,hola
1704072087,41,1,1,hola
1704072143,0,1,1,hola
1704072265,26,1,1,hola
1704072688,15,1,1,hola
1704073227,25,1,1,hola
1704073781,59,1,1,hola
1704074214,42,1,1,hola
1704074712,46,1,1,hola
1704074878,18,1,1,hola
1704074935,45,1,1,hola
1704075345,49,1,1,hola
1704076385,10,1,1,hola
1704082674,42,1,1,hola
1704084473,1,1,1,hola
1704084794,53,1,1,hola
1704091909,55,1,1,hola
1704101013,35,1,1,hola
1704101528,49,1,1,hola
1704101573,48,1,1,hola
1704102172,30,1,1,hola
1704102676,27,1,1,hola
1704103096,57,1,1,hola
1704103217,16,1,1,hola
1704104294,31,1,1,hola
1704104452,43,1,1,hola
1704104546,14,1,1,hola
1704104688,31,1,1,hola
1704104700,25,1,1,hola
1704104773,5,1,1,hola
1704104989,15,1,1,hola
1704105318,45,1,1,hola
1704105598,25,1,1,hola
1704106193,47,1,1,hola
1704106271,43,1,1,hola
1704106783,52,1,1,hola
1704107047,22,1,1,hola
1704111307,21,1,1,hola
1704111323,52,1,1,hola
1704111375,44,1,1,hola
1704111399,15,1,1,hola
1704111642,52,1,1,hola
1704112117,50,1,1,hola
1704112145,23,1,1,hola
1704112657,10,1,1,hola
1704112716,0,1,1,hola
1704113098,23,1,1,hola
1704113218,7,1,1,hola
1704113447,23,1,1,hola
1704113542,44,1,1,hola
1704113565,15,1,1,hola
1704113912,29,1,1,hola
1704114057,53,1,1,hola
1704114874,10,1,1,hola
1704115031,34,1,1,hola
1704115316,38,1,1,hola
1704115352,12,1,1,hola
1704115436,3,1,1,hola
1704115558,14,1,1,hola
1704115704,7,1,1,hola
1704116330,6,1,1,hola
1704117073,37,1,1,hola
1704121175,26,1,1,hola
1704122073,45,1,1,hola
1704123215,33,1,1,hola
1704123476,42,1,1,hola
1704125179,15,1,1,hola
1704125868,33,1,1,hola
1704126690,15,1,1,hola
1704126727,56,1,1,hola
1704127251,55,1,1,hola
1704131488,28,1,1,hola
1704131916,25,1,1,hola
1704132066,26,1,1,hola
1704132325,18,1,1,hola
1704132339,2,1,1,hola
1704133170,21,1,1,hola
1704133262,9,1,1,hola
1704133427,51,1,1,hola
1704134151,3,1,1,hola
1704134258,3,1,1,hola
1704134636,29,1,1,hola
1704134809,19,1,1,hola
1704134827,21,1,1,hola
1704135120,31,1,1,hola
1704135477,4,1,1,hola
1704136003,4,1,1,hola
1704136044,35,1,1,hola
1704136081,31,1,1,hola
1704141559,29,1,1,hola
1704151411,52,1,1,hola
1704151965,35,1,1,hola
1704152057,21,1,1,hola
1704152249,24,1,1,hola
1704152371,44,1,1,hola
1704152777,43,1,1,hola
1704153824,46,1,1,hola
1704161603,44,1,1,hola
1704161832,19,1,1,hola
1704171061,0,1,1,hola
1704171073,25,1,1,hola
1704171392,19,1,1,hola
1704171879,58,1,1,hola
1704172660,33,1,1,hola
1704172726,47,1,1,hola
1704172768,50,1,1,hola
1704172904,49,1,1,hola
1704172974,55,1,1,hola
1704172985,24,1,1,hola
1704173098,4,1,1,hola
1704173241,34,1,1,hola
1704173413,44,1,1,hola
1704173555,58,1,1,hola
1704173754,16,1,1,hola
1704173787,21,1,1,hola
1704174003,4,1,1,hola
1704174253,24,1,1,hola
1704174505,48,1,1,hola
1704174626,12,1,1,hola
1704174646,34,1,1,hola
1704174687,7,1,1,hola
1704174763,42,1,1,hola
1704181032,5,1,1,hola
1704181436,15,1,1,hola
1704181592,32,1,1,hola
1704181611,9,1,1,hola
1704182117,49,1,1,hola
1704182989,25,1,1,hola
1704183207,36,1,1,hola
1704183218,57,1,1,hola
1704183341,30,1,1,hola
1704183613,53,1,1,hola
1704184515,11,1,1,hola
1704184574,52,1,1,hola
1704185000,40,1,1,hola
1704185510,59,1,1,hola
1704185767,5,1,1,hola
1704185886,2,1,1,hola
1704185898,8,1,1,hola
1704186588,5,1,1,hola
1704191192,31,1,1,hola
1704191470,53,1,1,hola
1704191477,0,1,1,hola
1704191659,51,1,1,hola
1704191777,8,1,1,hola
1704192415,46,1,1,hola
1704192498,49,1,1,hola
1704192591,50,1,1,hola
1704192881,9,1,1,hola
1704192991,53,1,1,hola
1704193800,46,1,1,hola
1704193985,48,1,1,hola
1704194382,54,1,1,hola
1704194671,35,1,1,hola
1704194810,47,1,1,hola
1704194843,8,1,1,hola
1704196660,39,1,1,hola
1704197278,18,1,1,hola
1704201004,20,1,1,hola
1704201259,8,1,1,hola
1704201349,3,1,1,hola
1704201704,49,1,1,hola
1704202428,19,1,1,hola
1704202661,0,1,1,hola
1704203205,39,1,1,hola
1704203542,48,1,1,hola
1704204114,55,1,1,hola
1704204153,12,1,1,hola
1704204180,54,1,1,hola
1704204206,11,1,1,hola
1704204485,21,1,1,hola
1704204497,12,1,1,hola
1704204840,46,1,1,hola
1704205551,41,1,1,hola
1704206336,45,1,1,hola
1704207333,52,1,1,hola
1704211028,39,1,1,hola
1704211207,17,1,1,hola
1704211384,47,1,1,hola
1704212007,58,1,1,hola
1704212452,40,1,1,hola
1704212644,46,1,1,hola
1704212838,31,1,1,hola
1704212910,59,1,1,hola
1704213426,56,1,1,hola
1704213595,17,1,1,hola
1704213600,48,1,1,hola
1704213759,41,1,1,hola
1704213817,7,1,1,hola
1704213873,0,1,1,hola
1704213982,44,1,1,hola
1704214379,37,1,1,hola
1704214679,22,1,1,hola
1704214842,58,1,1,hola
1704214932,37,1,1,hola
1704214936,40,1,1,hola
1704215579,57,1,1,hola
1704216159,20,1,1,hola
1704216446,15,1,1,hola
1704216897,43,1,1,hola
1704221961,23,1,1,hola
1704222455,50,1,1,hola
1704224072,57,1,1,hola
1704231192,47,1,1,hola
1704231860,59,1,1,hola
1704233152,6,1,1,hola
1704241149,39,1,1,hola
1704241357,29,1,1,hola
1704241474,12,1,1,hola
1704241560,8,1,1,hola
1704241647,29,1,1,hola
1704242591,53,1,1,hola
1704243027,14,1,1,hola
1704243199,3,1,1,hola
1704243326,58,1,1,hola
1704243555,47,1,1,hola
1704243672,2,1,1,hola
1704243724,13,1,1,hola
1704243732,36,1,1,hola
1704244083,45,1,1,hola
1704244189,11,1,1,hola
1704244289,46,1,1,hola
1704244294,42,1,1,hola
1704244720,26,1,1,hola
1704244727,56,1,1,hola
1704244730,57,1,1,hola
1704244836,58,1,1,hola
1704245563,21,1,1,hola
1704245635,14,1,1,hola
1704245836,49,1,1,hola
1704246182,57,1,1,hola
1704246719,36,1,1,hola
1704247306,59,1,1,hola
1704248306,44,1,1,hola
1704251689,5,1,1,hola
1704253492,29,1,1,hola
1704253529,56,1,1,hola
1704253560,5,1,1,hola
1704253863,3,1,1,hola
1704253925,17,1,1,hola
1704255111,14,1,1,hola
1704255867,9,1,1,hola
1704256599,58,1,1,hola
1704257183,17,1,1,hola
1704261406,11,1,1,hola
1704261455,13,1,1,hola
1704262624,48,1,1,hola
1704262745,2,1,1,hola
1704263377,4,1,1,hola
1704263937,42,1,1,hola
1704264142,47,1,1,hola
1704264347,16,1,1,hola
1704264743,48,1,1,hola
1704264748,6,1,1,hola
1704266346,7,1,1,hola
1704266568,38,1,1,hola
1704267516,3,1,1,hola
1704271211,44,1,1,hola
1704271305,38,1,1,hola
1704271450,27,1,1,hola
1704271495,11,1,1,hola
1704271707,58,1,1,hola
1704271790,54,1,1,hola
1704271946,29,1,1,hola
1704272984,53,1,1,hola
1704273337,5,1,1,hola
1704273506,59,1,1,hola
1704273701,52,1,1,hola
1704273720,1,1,1,hola
1704273836,36,1,1,hola
1704273974,13,1,1,hola
1704274265,0,1,1,hola
1704274454,21,1,1,hola
1704274459,24,1,1,hola
1704274555,4,1,1,hola
1704274616,54,1,1,hola
1704275146,58,1,1,hola
1704275663,58,1,1,hola
1704277195,32,1,1,hola
1704277812,54,1,1,hola
1704281095,51,1,1,hola
1704281134,32,1,1,hola
1704281194,50,1,1,hola
1704281919,38,1,1,hola
1704282283,15,1,1,hola
1704282357,12,1,1,hola
1704282359,55,1,1,hola
1704282897,16,1,1,hola
1704282922,17,1,1,hola
1704283096,59,1,1,hola
1704284050,54,1,1,hola
1704284218,9,1,1,hola
1704284620,13,1,1,hola
1704284954,43,1,1,hola
1704285333,38,1,1,hola
1704285489,42,1,1,hola
1704287511,17,1,1,hola
1704291174,59,1,1,hola
1704292590,0,1,1,hola
1704302316,46,1,1,hola
1704302860,1,1,1,hola
1705011864,22,1,1,hola
1705012543,1,1,1,hola
1705014632,10,1,1,hola
1705021261,57,1,1,hola
1705021650,44,1,1,hola
1705021718,44,1,1,hola
1705021949,20,1,1,hola
1705022337,55,1,1,hola
1705022450,21,1,1,hola
1705022830,45,1,1,hola
1705022883,12,1,1,hola
1705023084,32,1,1,hola
1705023188,25,1,1,hola
1705023717,41,1,1,hola
1705024345,17,1,1,hola
1705024640,47,1,1,hola
1705024884,47,1,1,hola
1705025214,45,1,1,hola
1705025625,36,1,1,hola
1705026396,9,1,1,hola
1705026734,2,1,1,hola
1705026842,24,1,1,hola
1705027395,54,1,1,hola
1705027454,6,1,1,hola
1705027585,36,1,1,hola
1705031252,17,1,1,hola
1705031557,0,1,1,hola
1705031776,57,1,1,hola
1705032102,58,1,1,hola
1705032314,4,1,1,hola
1705032678,25,1,1,hola
1705033275,56,1,1,hola
1705033703,58,1,1,hola
1705033707,14,1,1,hola
1705033809,44,1,1,hola
1705034579,16,1,1,hola
1705035172,3,1,1,hola
1705035247,16,1,1,hola
1705035324,14,1,1,hola
1705035763,51,1,1,hola
1705036078,30,1,1,hola
1705036504,48,1,1,hola
1705036829,56,1,1,hola
1705041189,42,1,1,hola
1705041263,17,1,1,hola
1705041274,28,1,1,hola
1705041282,15,1,1,hola
1705043103,26,1,1,hola
1705043135,12,1,1,hola
1705043451,33,1,1,hola
1705043647,16,1,1,hola
1705044541,27,1,1,hola
1705044543,28,1,1,hola
1705044803,13,1,1,hola
1705044954,10,1,1,hola
1705045745,59,1,1,hola
1705046729,11,1,1,hola
1705046730,29,1,1,hola
1705046905,18,1,1,hola
1705051609,6,1,1,hola
1705052212,1,1,1,hola
1705053204,4,1,1,hola
1705053249,38,1,1,hola
1705053416,47,1,1,hola
1705053526,6,1,1,hola
1705054069,38,1,1,hola
1705056418,6,1,1,hola
1705061645,21,1,1,hola
1705064885,29,1,1,hola
1705073158,50,1,1,hola
1705081092,40,1,1,hola
1705081915,43,1,1,hola
1705082515,24,1,1,hola
1705083084,30,1,1,hola
1705083293,53,1,1,hola
1705084108,24,1,1,hola
1705084172,10,1,1,hola
1705084445,44,1,1,hola
1705084551,47,1,1,hola
1705084847,33,1,1,hola
1705085795,52,1,1,hola
1705085897,52,1,1,hola
1705085956,22,1,1,hola
1705086457,44,1,1,hola
1705086522,1,1,1,hola
1705087195,40,1,1,hola
1705087581,47,1,1,hola
1705088057,38,1,1,hola
1705089337,20,1,1,hola
1705089632,30,1,1,hola
1705091399,4,1,1,hola
1705091499,7,1,1,hola
1705091566,8,1,1,hola
1705091776,15,1,1,hola
1705091814,41,1,1,hola
1705091861,31,1,1,hola
1705092348,54,1,1,hola
1705092836,52,1,1,hola
1705092963,6,1,1,hola
1705094058,52,1,1,hola
1705094528,53,1,1,hola
1705094810,45,1,1,hola
1705094875,27,1,1,hola
1705095727,28,1,1,hola
1705096376,59,1,1,hola
1705097288,41,1,1,hola
1705098488,36,1,1,hola
1705103923,55,1,1,hola
1705111075,31,1,1,hola
1705111678,40,1,1,hola
1705111742,2,1,1,hola
1705111878,10,1,1,hola
1705112473,25,1,1,hola
1705113457,26,1,1,hola
1705113592,42,1,1,hola
1705113879,16,1,1,hola
1705113909,52,1,1,hola
1705114024,28,1,1,hola
1705114687,44,1,1,hola
1705114740,59,1,1,hola
1705115035,46,1,1,hola
1705115804,3,1,1,hola
1705115966,43,1,1,hola
1705116137,35,1,1,hola
1705117069,24,1,1,hola
1705117152,22,1,1,hola
1705117609,6,1,1,hola
1705118030,14,1,1,hola
1705118552,49,1,1,hola
1705119612,57,1,1,hola
1705121702,46,1,1,hola
1705121730,11,1,1,hola
1705121905,53,1,1,hola
1705123620,12,1,1,hola
1705124437,12,1,1,hola
1705125971,47,1,1,hola
1705125982,2,1,1,hola
1705126760,29,1,1,hola
1705126896,4,1,1,hola
1705127357,26,1,1,hola
1705127749,37,1,1,hola
1705132682,20,1,1,hola
1705133296,20,1,1,hola
1705151093,23,1,1,hola
1705151672,27,1,1,hola
1705152209,54,1,1,hola
1705152474,3,1,1,hola
1705152486,6,1,1,hola
1705152731,10,1,1,hola
1705153687,30,1,1,hola
1705153826,22,1,1,hola
1705153899,39,1,1,hola
1705154231,29,1,1,hola
1705154329,56,1,1,hola
1705155258,50,1,1,hola
1705155357,19,1,1,hola
1705155791,37,1,1,hola
1705156074,6,1,1,hola
1705156089,35,1,1,hola
1705156321,52,1,1,hola
1705156327,36,1,1,hola
1705156361,39,1,1,hola
1705156799,49,1,1,hola
1705157050,45,1,1,hola
1705157087,2,1,1,hola
1705157297,38,1,1,hola
1705157505,6,1,1,hola
1705158112,40,1,1,hola
1705161200,48,1,1,hola
1705161547,29,1,1,hola
1705161568,40,1,1,hola
1705161965,23,1,1,hola
1705162416,1,1,1,hola
1705162583,34,1,1,hola
1705162814,54,1,1,hola
1705163559,51,1,1,hola
1705163821,11,1,1,hola
1705163908,54,1,1,hola
1705164177,48,1,1,hola
1705164685,57,1,1,hola
1705165590,38,1,1,hola
1705165631,24,1,1,hola
1705165921,9,1,1,hola
1705166513,53,1,1,hola
1705167559,55,1,1,hola
1705167885,39,1,1,hola
1705168219,48,1,1,hola
1705168423,10,1,1,hola
1705169105,59,1,1,hola
1705171582,42,1,1,hola
1705171867,37,1,1,hola
1705171877,34,1,1,hola
1705172337,31,1,1,hola
1705172430,36,1,1,hola
1705173288,18,1,1,hola
1705174654,47,1,1,hola
1705174963,51,1,1,hola
1705174988,44,1,1,hola
1705175175,56,1,1,hola
1705175293,13,1,1,hola
1705175328,22,1,1,hola
1705175348,39,1,1,hola
1705175536,47,1,1,hola
1705176266,4,1,1,hola
1705176465,50,1,1,hola
1705176537,24,1,1,hola
1705178362,51,1,1,hola
1705179104,37,1,1,hola
1705179918,30,1,1,hola
1705191937,49,1,1,hola
1705191972,22,1,1,hola
1705192309,18,1,1,hola
1705192346,38,1,1,hola
1705192476,29,1,1,hola
1705193361,20,1,1,hola
1705193584,43,1,1,hola
1705193715,35,1,1,hola
1705193781,16,1,1,hola
1705194130,17,1,1,hola
1705194165,53,1,1,hola
1705194841,30,1,1,hola
1705194921,51,1,1,hola
1705195290,31,1,1,hola
1705196187,52,1,1,hola
1705196287,54,1,1,hola
1705196752,9,1,1,hola
1705201941,30,1,1,hola
1705202336,6,1,1,hola
1705212794,30,1,1,hola
1705221048,13,1,1,hola
1705221061,20,1,1,hola
1705221542,9,1,1,hola
1705221690,36,1,1,hola
1705221783,15,1,1,hola
1705221960,43,1,1,hola
1705222186,13,1,1,hola
1705222586,50,1,1,hola
1705222717,48,1,1,hola
1705222812,42,1,1,hola
1705222867,24,1,1,hola
1705223094,17,1,1,hola
1705223156,40,1,1,hola
1705223448,46,1,1,hola
1705223524,37,1,1,hola
1705223684,3,1,1,hola
1705223920,53,1,1,hola
1705223944,4,1,1,hola
1705224097,43,1,1,hola
1705224630,5,1,1,hola
1705224757,6,1,1,hola
1705225152,53,1,1,hola
1705225176,42,1,1,hola
1705225223,53,1,1,hola
1705225293,46,1,1,hola
1705226084,17,1,1,hola
1705227709,36,1,1,hola
1705231094,27,1,1,hola
1705231259,4,1,1,hola
1705231321,0,1,1,hola
1705231576,3,1,1,hola
1705232368,59,1,1,hola
1705232928,2,1,1,hola
1705233447,21,1,1,hola
1705233668,58,1,1,hola
1705233685,1,1,1,hola
1705234258,14,1,1,hola
1705234265,29,1,1,hola
1705234735,23,1,1,hola
1705235081,47,1,1,hola
1705235660,28,1,1,hola
1705235797,3,1,1,hola
1705236025,15,1,1,hola
1705237042,51,1,1,hola
1705237186,55,1,1,hola
1705237388,33,1,1,hola
1705237443,53,1,1,hola
1705237956,41,1,1,hola
1705238107,30,1,1,hola
1705239326,26,1,1,hola
1705251307,40,1,1,hola
1705251984,51,1,1,hola
1705252441,40,1,1,hola
1705252932,24,1,1,hola
1705253022,45,1,1,hola
1705253498,34,1,1,hola
1705253595,2,1,1,hola
1705254388,39,1,1,hola
1705254762,56,1,1,hola
1705254957,37,1,1,hola
1705255401,16,1,1,hola
1705255451,24,1,1,hola
1705255472,7,1,1,hola
1705255532,28,1,1,hola
1705255560,7,1,1,hola
1705255658,26,1,1,hola
1705255732,14,1,1,hola
1705255993,22,1,1,hola
1705256366,24,1,1,hola
1705256624,34,1,1,hola
1705257796,37,1,1,hola
1705261524,54,1,1,hola
1705261540,50,1,1,hola
1705261839,1,1,1,hola
1705261998,14,1,1,hola
1705262040,7,1,1,hola
1705262085,53,1,1,hola
1705262558,34,1,1,hola
1705262601,15,1,1,hola
1705262631,39,1,1,hola
1705263850,43,1,1,hola
1705264204,27,1,1,hola
1705264466,45,1,1,hola
1705264552,32,1,1,hola
1705265013,37,1,1,hola
1705265353,6,1,1,hola
1705266339,2,1,1,hola
1705267165,48,1,1,hola
1705267929,0,1,1,hola
1705271439,33,1,1,hola
1705274610,58,1,1,hola
1705274769,33,1,1,hola
1705281278,31,1,1,hola
1705284206,53,1,1,hola
1705291904,14,1,1,hola
1705292008,53,1,1,hola
1705292034,35,1,1,hola
1705292176,15,1,1,hola
1705292231,58,1,1,hola
1705292276,35,1,1,hola
1705292533,10,1,1,hola
1705292620,44,1,1,hola
1705292662,0,1,1,hola
1705292673,33,1,1,hola
1705293143,46,1,1,hola
1705293399,8,1,1,hola
1705293584,37,1,1,hola
1705293599,40,1,1,hola
1705293610,41,1,1,hola
1705294035,30,1,1,hola
1705294106,10,1,1,hola
1705294356,57,1,1,hola
1705294607,53,1,1,hola
1705294623,41,1,1,hola
1705294754,17,1,1,hola
1705295006,43,1,1,hola
1705295352,57,1,1,hola
1705295610,9,1,1,hola
1705295834,30,1,1,hola
1705295846,20,1,1,hola
1705295935,28,1,1,hola
1705296514,5,1,1,hola
1705297044,16,1,1,hola
1705297318,6,1,1,hola
1705297351,22,1,1,hola
1705297658,6,1,1,hola
1705297771,42,1,1,hola
1705298221,37,1,1,hola
1705298319,22,1,1,hola
1705298513,43,1,1,hola
1705299657,0,1,1,hola
1705301221,35,1,1,hola
1705301293,37,1,1,hola
1705301389,20,1,1,hola
1705301532,30,1,1,hola
1705301965,33,1,1,hola
1705302279,10,1,1,hola
1705302589,23,1,1,hola
1705302938,45,1,1,hola
1705303065,29,1,1,hola
1705303785,29,1,1,hola
1705303799,59,1,1,hola
1705304273,32,1,1,hola
1705305420,56,1,1,hola
1705306264,9,1,1,hola
1705306489,43,1,1,hola
1705306734,53,1,1,hola
1705307612,8,1,1,hola
1705307855,0,1,1,hola
1705307978,17,1,1,hola
1705311235,5,1,1,hola
1705311276,16,1,1,hola
1705312785,50,1,1,hola
1705312869,36,1,1,hola
1705313418,57,1,1,hola
1705313763,56,1,1,hola
1705315518,52,1,1,hola
1705316198,18,1,1,hola
1705316899,2,1,1,hola
1705318481,16,1,1,hola
1705318575,8,1,1,hola
1705318618,45,1,1,hola
1705318781,43,1,1,hola
1706011666,21,1,1,hola
1706012061,38,1,1,hola
1706012105,32,1,1,hola
1706012321,26,1,1,hola
1706012954,32,1,1,hola
1706013061,50,1,1,hola
1706013514,58,1,1,hola
1706013540,33,1,1,hola
1706014736,33,1,1,hola
1706015236,21,1,1,hola
1706015632,37,1,1,hola
1706016802,0,1,1,hola
1706016876,39,1,1,hola
1706017092,8,1,1,hola
1706017335,8,1,1,hola
1706017808,34,1,1,hola
1706017861,59,1,1,hola
1706018879,8,1,1,hola
1706019585,39,1,1,hola
1706019899,27,1,1,hola
1706021528,1,1,1,hola
1706021599,21,1,1,hola
1706021980,51,1,1,hola
1706022312,48,1,1,hola
1706022586,33,1,1,hola
1706022607,6,1,1,hola
1706023211,56,1,1,hola
1706023304,48,1,1,hola
1706023624,33,1,1,hola
1706024426,3,1,1,hola
1706025135,20,1,1,hola
1706025230,32,1,1,hola
1706025765,50,1,1,hola
1706026118,49,1,1,hola
1706027370,40,1,1,hola
1706028108,30,1,1,hola
1706031435,49,1,1,hola
1706031553,42,1,1,hola
1706032538,1,1,1,hola
1706034406,14,1,1,hola
1706043286,26,1,1,hola
1706045815,14,1,1,hola
1706051049,53,1,1,hola
1706051931,16,1,1,hola
1706052550,53,1,1,hola
1706052713,1,1,1,hola
1706053563,54,1,1,hola
1706054078,5,1,1,hola
1706054310,45,1,1,hola
1706054322,20,1,1,hola
1706054733,31,1,1,hola
1706055503,33,1,1,hola
1706055592,31,1,1,hola
1706055795,0,1,1,hola
1706056557,38,1,1,hola
1706056564,56,1,1,hola
1706058420,49,1,1,hola
1706058492,44,1,1,hola
1706059125,52,1,1,hola
1706061980,44,1,1,hola
1706062472,35,1,1,hola
1706063236,21,1,1,hola
1706063293,2,1,1,hola
1706064510,47,1,1,hola
1706065303,1,1,1,hola
1706071460,38,1,1,hola
1706071540,15,1,1,hola
1706071894,17,1,1,hola
1706072467,5,1,1,hola
1706073350,46,1,1,hola
1706073564,11,1,1,hola
1706073663,56,1,1,hola
1706073824,51,1,1,hola
1706075413,39,1,1,hola
1706075428,35,1,1,hola
1706076829,38,1,1,hola
1706078088,49,1,1,hola
1706081750,51,1,1,hola
1706082240,36,1,1,hola
1706083169,55,1,1,hola
1706083651,2,1,1,hola
1706084287,52,1,1,hola
1706084938,59,1,1,hola
1706085458,48,1,1,hola
1706085524,41,1,1,hola
1706085657,10,1,1,hola
1706086897,41,1,1,hola
1706086999,31,1,1,hola
1706087149,55,1,1,hola
1706087426,32,1,1,hola
1706088882,55,1,1,hola
1706092310,37,1,1,hola
1706092747,16,1,1,hola
1706092748,25,1,1,hola
1706093549,5,1,1,hola
1706094054,11,1,1,hola
1706095862,51,1,1,hola
1706096545,37,1,1,hola
1706103029,16,1,1,hola
1706103498,33,1,1,hola
1706111863,8,1,1,hola
1706112219,8,1,1,hola
1706121398,39,1,1,hola
1706121825,8,1,1,hola
1706122421,59,1,1,hola
1706122458,57,1,1,hola
1706122506,42,1,1,hola
1706123113,27,1,1,hola
1706123284,21,1,1,hola
1706123730,31,1,1,hola
1706124062,10,1,1,hola
1706124140,47,1,1,hola
1706125177,30,1,1,hola
1706125292,28,1,1,hola
1706125631,28,1,1,hola
1706131255,18,1,1,hola
1706131349,52,1,1,hola
1706131386,0,1,1,hola
1706131908,32,1,1,hola
1706132070,7,1,1,hola
1706132138,26,1,1,hola
1706132284,27,1,1,hola
1706132561,7,1,1,hola
1706132922,42,1,1,hola
1706133858,7,1,1,hola
1706134182,40,1,1,hola
1706134498,5,1,1,hola
1706134616,30,1,1,hola
1706134617,41,1,1,hola
1706135019,54,1,1,hola
1706135048,54,1,1,hola
1706135280,3,1,1,hola
1706135442,59,1,1,hola
1706135511,10,1,1,hola
1706136650,11,1,1,hola
1706136791,38,1,1,hola
1706137013,35,1,1,hola
1706137551,23,1,1,hola
1706138421,10,1,1,hola
1706139281,8,1,1,hola
1706139328,24,1,1,hola
1706139442,3,1,1,hola
1706141813,50,1,1,hola
1706141905,33,1,1,hola
1706142285,0,1,1,hola
1706143233,8,1,1,hola
1706144065,38,1,1,hola
1706144075,51,1,1,hola
1706144112,26,1,1,hola
1706144653,58,1,1,hola
1706144734,55,1,1,hola
1706145154,2,1,1,hola
1706145541,59,1,1,hola
1706146031,13,1,1,hola
1706146071,22,1,1,hola
1706146301,55,1,1,hola
1706147303,1,1,1,hola
1706147381,37,1,1,hola
1706147588,36,1,1,hola
1706147691,42,1,1,hola
1706148368,15,1,1,hola
1706152272,3,1,1,hola
1706153320,49,1,1,hola
1706154568,34,1,1,hola
1706154665,2,1,1,hola
1706155928,39,1,1,hola
1706157268,11,1,1,hola
1706161859,24,1,1,hola
1706164412,58,1,1,hola
1706164712,15,1,1,hola
1706165399,57,1,1,hola
1706165578,23,1,1,hola
1706165747,29,1,1,hola
1706166283,40,1,1,hola
1706168148,34,1,1,hola
1706191416,21,1,1,hola
1706191664,41,1,1,hola
1706191837,0,1,1,hola
1706192187,30,1,1,hola
1706194041,6,1,1,hola
1706194420,29,1,1,hola
1706194485,28,1,1,hola
1706195371,58,1,1,hola
1706195839,11,1,1,hola
1706196152,55,1,1,hola
1706201224,39,1,1,hola
1706201822,54,1,1,hola
1706202735,34,1,1,hola
1706205891,0,1,1,hola
1706206081,0,1,1,hola
1706206553,4,1,1,hola
1706206920,43,1,1,hola
1706212012,54,1,1,hola
1706212208,33,1,1,hola
1706212372,25,1,1,hola
1706212503,41,1,1,hola
1706212519,24,1,1,hola
1706213248,7,1,1,hola
1706213673,27,1,1,hola
1706213701,58,1,1,hola
1706213714,37,1,1,hola
1706213803,6,1,1,hola
1706214165,25,1,1,hola
1706214619,46,1,1,hola
1706222079,41,1,1,hola
1706222249,3,1,1,hola
1706222993,46,1,1,hola
1706224535,51,1,1,hola
1706225443,49,1,1,hola
1706225851,54,1,1,hola
1706232878,29,1,1,hola
1706233549,53,1,1,hola
1706234520,26,1,1,hola
1706234659,20,1,1,hola
1706235012,30,1,1,hola
1706235456,3,1,1,hola
1706235892,20,1,1,hola
1706236775,25,1,1,hola
1706237142,42,1,1,hola
1706241219,54,1,1,hola
1706243395,18,1,1,hola
1706244025,9,1,1,hola
1706244216,41,1,1,hola
1706245349,6,1,1,hola
1706262028,42,1,1,hola
1706264452,19,1,1,hola
1706264624,6,1,1,hola
1706264708,56,1,1,hola
1706271348,29,1,1,hola
1706281061,11,1,1,hola
1706281294,14,1,1,hola
1706281372,5,1,1,hola
1706281705,50,1,1,hola
1706281856,39,1,1,hola
1706282012,19,1,1,hola
1706282371,20,1,1,hola
1706282505,33,1,1,hola
1706282833,45,1,1,hola
1706283146,13,1,1,hola
1706283584,20,1,1,hola
1706283645,21,1,1,hola
1706284441,53,1,1,hola
1706285570,38,1,1,hola
1706285770,49,1,1,hola
1706291049,25,1,1,hola
1706291091,22,1,1,hola
1706291388,27,1,1,hola
1706291650,37,1,1,hola
1706291860,12,1,1,hola
1706293232,2,1,1,hola
1706293399,6,1,1,hola
1706294442,3,1,1,hola
1706295332,49,1,1,hola
1706295404,26,1,1,hola
1706295449,39,1,1,hola
1706295521,25,1,1,hola
1706295624,4,1,1,hola
1706295832,29,1,1,hola
1706295983,17,1,1,hola
1706296015,8,1,1,hola
1706301131,51,1,1,hola
1706301263,51,1,1,hola
1706301483,35,1,1,hola
1706301735,5,1,1,hola
1706303006,6,1,1,hola
1706303521,30,1,1,hola
1706303588,10,1,1,hola
1706303718,47,1,1,hola
1706304619,14,1,1,hola
1706304816,55,1,1,hola
1706305341,43,1,1,hola
1706305488,12,1,1,hola
1706305744,16,1,1,hola
1706306076,42,1,1,hola
1706306578,1,1,1,hola
1706306870,6,1,1,hola
1706307696,19,1,1,hola
17050810168,36,1,1,hola
17060110235,3,1,1,hola
17060112045,40,1,1,hola
